tsc-root	0	5s	
tsc-platform	0	4s	
tsc-runtime	0	0s	
chain-slice1.test.ts	0	61s	slice1: 86 passed, 0 failed
chain-step4.test.ts	0	29s	step4: 47 passed, 0 failed
chain-step41.test.ts	0	25s	step41: 35 passed, 0 failed
chain-step5.test.ts	0	43s	step5: 32 passed, 0 failed
chain-polish.test.ts	0	0s	polish: 4 passed, 0 failed
chain-step52.test.ts	0	35s	step52: 12 passed, 0 failed
chain-step6.test.ts	0	26s	step6: 34 passed, 0 failed
chain-predemo.test.ts	0	1s	10 passed, 0 failed
chain-predemo2.test.ts	0	1s	9 passed, 0 failed
chain-ia150.test.ts	0	0s	15 passed, 0 failed
chain-ia151.test.ts	0	1s	10 passed, 0 failed
chain-ia152.test.ts	0	9s	14 passed, 0 failed
chain-integration.test.ts	0	60s	85 passed, 0 failed, 0 skipped, 1 point-in-time
chain-detail-facts.test.ts	0	9s	detail-facts: 26 passed, 0 failed
chain-preview-parity.test.ts	0	11s	preview-parity: 13 passed, 0 failed
chain-interior-02.test.ts	0	1s	interior-02: 18 passed, 0 failed
chain-interior-03.test.ts	0	2s	interior-03: 24 passed, 0 failed
extra-inquiry162.test.ts	0	0s	28 passed, 0 failed
extra-inquiry163.test.ts	0	1s	29 passed, 0 failed
extra-inquiry163-reuse.test.ts	0	1s	8 passed, 0 failed
extra-inquiry163-browser.test.ts	0	66s	62 passed, 0 failed, 0 skipped
extra-portfolio-production-truth.test.ts	0	9s	portfolio-production-truth: 12 passed, 0 failed
extra-portfolio-sync.test.ts	0	17s	portfolio-sync: 40 passed, 0 failed (the opt-in [e2e] block was not run: --e2e)
extra-publish.test.ts	0	14s	67 passed, 0 failed
extra-publish-e2e.test.ts	0	213s	47 passed, 0 failed, 1 skipped   (→ docs/result/static-deployment-foundation/proof/local-e2e.json)
DONE
